photon_energy_eV,absorption_length_mm
1.65,715.1257414698957
1.7,673.886810809081
1.75,628.3964105522922
1.8,587.3107153626156
1.85,552.0912569023873
1.9,521.4135034601156
1.95,495.9287142597418
2.0,475.61717068131867
2.05,450.3317928645777
2.1,432.0748682696459
2.15,410.43773530010554
2.2,389.7273366322442
2.25,371.1202578675154
2.3,351.738863275412
2.35,331.8835080090812
2.4,318.12073210617484
2.45,299.1432144119771
2.5,281.95588226095066
2.55,266.5298391423062
2.6,250.8745010420733
2.65,233.4002583336224
2.7,214.6880050049636
2.75,185.20940796085338
2.8,155.09778303566947
2.85,108.33844771954311
2.9,70.40332455685571
2.95,35.711490021334235
3.0,18.09708789282391
3.05,12.545151139894681
3.1,9.319316427046411
3.15,9.17339708919856
3.2,9.1612876968532
3.25,9.1612876968532
3.3,9.1612876968532
3.35,9.1612876968532
3.4,9.1612876968532
3.45,9.1612876968532
