photon_energy_eV,relative_intensity
1.65,0.0
1.7,0.020408163265306124
1.75,0.07142857142857144
1.8,0.1326530612244898
1.85,0.22448979591836735
1.9,0.326530612244898
1.95,0.4387755102040816
2.0,0.5612244897959184
2.05,0.6734693877551021
2.1,0.7857142857142857
2.15,0.8775510204081632
2.2,0.9387755102040817
2.25,0.9795918367346939
2.3,1.0
2.35,0.9795918367346939
2.4,0.9183673469387755
2.45,0.836734693877551
2.5,0.7346938775510204
2.55,0.6224489795918368
2.6,0.5102040816326531
2.65,0.40816326530612246
2.7,0.3163265306122449
2.75,0.24489795918367346
2.8,0.1836734693877551
2.85,0.1326530612244898
2.9,0.09693877551020408
2.95,0.06938775510204082
3.0,0.04795918367346939
3.05,0.0326530612244898
3.1,0.02142857142857143
3.15,0.014285714285714287
3.2,0.009183673469387754
3.25,0.006122448979591837
3.3,0.004081632653061225
3.35,0.0025510204081632655
3.4,0.0012244897959183673
3.45,0.0
