photon_energy_eV,efficiency
1.0,0.0
1.05,0.0
1.1,0.0
1.15,0.0
1.2,0.0
1.25,0.0
1.3,0.0
1.35,0.0
1.4,0.0
1.45,0.0
1.5,0.0
1.55,0.038043459938198146
1.6,0.04904970491465484
1.65,0.061238758193237805
1.7,0.07433523074501747
1.75,0.0867926726765854
1.8,0.09990164867977264
1.85,0.11373609571201641
1.9,0.12789112532585473
1.95,0.14226923188302062
2.0,0.15652253182612047
2.05,0.17043559512177342
2.1,0.18509655109082063
2.15,0.20012265945012592
2.2,0.21673148986056634
2.25,0.2335662964483064
2.3,0.25204469901222554
2.35,0.27067610551249144
2.4,0.2896326827403198
2.45,0.30868753029740975
2.5,0.32622667425335433
2.55,0.3415512077384214
2.6,0.35687574122348836
2.65,0.3687841977901599
2.7,0.37981786189940836
2.75,0.39085152600865675
2.8,0.39772300480510286
2.85,0.40294615618372237
2.9,0.4064849596575688
2.95,0.4079415968930441
3.0,0.4046670000424826
3.05,0.3985299397894882
3.1,0.38985088525603534
3.15,0.37097751243758414
3.2,0.3525976308929373
3.25,0.3349038438756395
3.3,0.3172100568583415
3.35,0.30705962555950955
3.4,0.297985888627562
3.45,0.28939080494954406
3.5,0.2843095122676534
3.55,0.2785421925508851
3.6,0.26894419526286945
3.65,0.2575342323623056
3.7,0.22133607116178905
3.75,0.1851379099612725
3.8,0.14345852795383093
3.85,0.10087245595322367
3.9,0.0718409442731042
3.95,0.055838905097118266
4.0,0.04
4.05,0.04
4.1,0.04
4.15,0.0
4.2,0.0
4.25,0.0
4.3,0.0
4.35,0.0
4.4,0.0
4.45,0.0
4.5,0.0
