photon_energy_eV,reflectivity
1.0,0.93
1.05,0.93
1.1,0.93
1.15,0.93
1.2,0.93
1.25,0.93
1.3,0.93
1.35,0.93
1.4,0.93
1.45,0.93
1.5,0.93
1.55,0.9300081556645162
1.6,0.9320079008000001
1.65,0.9338864492606062
1.7,0.9356544948705883
1.75,0.9366607546514286
1.8,0.9374479559111111
1.85,0.9381926057513513
1.9,0.9388980634947368
1.95,0.9395673439179487
2.0,0.94020316032
2.05,0.9408079612878049
2.1,0.9417679244190476
2.15,0.9428663447813953
2.2,0.9439148369454545
2.25,0.9449167294577777
2.3,0.9454375307130435
2.35,0.9458963066553191
2.4,0.946
2.45,0.946
2.5,0.9455936793599999
2.55,0.945
2.6,0.9446862301538461
2.65,0.9435729799245283
2.7,0.9418401469629629
2.75,0.9401703261090908
2.8,0.9385601417142857
2.85,0.9360129100350877
2.9,0.9325190311724139
2.95,0.9281712509830509
3.0,0.9135297194666666
3.05,0.8980111370491803
3.1,0.8642354064516123
3.15,0.7578144863492062
3.2,0.6138148799999991
3.25,0.46724603076923077
3.3,0.33132291878787895
3.35,0.22193961074626747
3.4,0.14227525647058792
3.45,0.1028107084057969
3.5,0.08484198399999988
3.55,0.06925126309859156
3.6,0.0644005511111111
3.65,0.05997884902283104
3.7,0.05967282854054054
3.75,0.05937496860444444
3.8,0.059084947087719296
3.85,0.05911852484155844
3.9,0.059283671958974354
3.95,0.05944463813670886
4.0,0.05960158016
4.05,0.05975464707160494
4.1,0.059903980643902434
4.15,0.06
4.2,0.06
4.25,0.06
4.3,0.06
4.35,0.06
4.4,0.06
4.45,0.06
4.5,0.06
