Energy,Data
-0.661835,2361.53
1.75998,4903.92
4.18239,5619.89
6.60538,6650.46
9.02896,7634.12
11.4531,8102.24
13.8779,9373.59
16.3032,9969.51
18.7291,10932.5
21.1556,11429.9
23.5827,11921.2
26.0104,11600.1
28.4387,11726.9
30.8675,11935.5
33.297,11767.5
35.727,11755.7
38.1576,12235.5
40.5888,13177.3
43.0206,13898.2
45.453,15036.1
47.8859,15820.4
50.3195,16739.2
52.7536,16712.3
55.1883,17279.2
57.6236,17474.9
60.0595,16988
62.496,17379.8
64.933,15815.5
67.3707,16380.3
69.8089,14285.8
72.2477,14361.4
74.6871,13448.1
77.1271,13873.6
79.5677,13803
82.0089,14812.9
84.4506,13989.6
86.8929,14286.7
89.3359,14377.7
91.7794,14502.3
94.2235,14612.9
96.6681,13885.1
99.1134,13848.4
101.559,13705.3
104.006,13298.3
106.453,13119.9
108.9,12729.8
111.349,12136.9
113.797,12137.9
116.247,11330.4
118.697,11444.5
121.147,11144.9
123.598,10893.2
126.05,10875.5
128.502,10577.4
130.955,10131.3
133.409,9797.98
135.863,9195.78
138.317,9087.42
140.773,8984.79
143.228,7737.24
145.685,7973.42
148.142,8082.82
150.599,7795.59
153.058,7706.89
155.516,6847.13
157.976,6620.91
160.436,6896.21
162.896,5999.55
165.357,6266.52
167.819,5920.59
170.281,5744.34
172.744,5060.26
175.207,5143.65
177.671,4982.9
180.136,5430.37
182.601,4715.42
185.067,4128.93
187.533,4729.5
190,4229.48
192.468,4317.55
194.936,4259.79
197.405,3817.77
199.874,3926.81
202.344,4198.7
204.814,3849.8
207.285,4180.88
209.757,3583.17
212.229,4038.33
214.702,4000.18
217.175,4006.08
219.649,4174.82
222.124,3999.02
224.599,3863.2
227.075,3959.58
229.551,4176.99
232.028,3914.6
234.506,3639.33
236.984,3336.03
239.462,3676.65
241.942,3557.13
244.422,3500.62
246.902,3297.25
249.383,3460.4
251.865,3296.58
254.347,2748.79
256.83,2993.99
259.313,2991.44
261.797,3015.38
264.282,2538.24
266.767,2689.42
269.252,2362.78
271.739,2636.26
274.226,2271.9
276.713,2320.31
279.201,2062.36
281.69,2263.86
284.179,2141.87
286.669,1939.28
289.159,2044.55
291.65,2021.37
294.142,1825.97
296.634,1934.91
299.127,1905.98
301.62,1842.55
304.114,1824.57
306.608,1555.36
309.103,1501.45
311.599,1501.65
314.095,1435.77
316.592,1577.49
319.09,1324.1
321.588,1245.28
324.086,1331.11
326.586,1427.46
329.085,1480.43
331.586,1253.06
334.087,1455.05
336.588,1221.02
339.09,1239.56
341.593,1384.55
344.096,1018.08
346.6,1274.55
349.105,973.33
351.61,1312.24
354.115,1490.73
356.622,1200.01
359.128,1124.81
361.636,1053.66
364.144,980.941
366.652,1077.73
369.161,1039.88
371.671,1133.65
374.182,1054.7
376.692,968.502
379.204,1144.54
381.716,1073.67
384.229,990.798
386.742,1033.34
389.256,932.521
391.77,896.243
394.285,919.718
396.801,1006.87
399.317,829.193
401.834,916.638
404.351,1115.36
406.869,1079.8
409.388,867.687
411.907,1182
414.427,1022.71
416.947,1183.05
419.468,928.835
421.989,1013.08
424.511,1046.33
427.034,943.755
429.557,870.212
432.081,923.181
434.605,1005.03
437.13,959.001
439.656,1031.95
442.182,1134.02
444.709,1020.35
447.236,885.705
449.764,997.446
452.293,908.773
454.822,832.427
457.351,932.298
459.882,917.97
462.412,755.427
464.944,861.495
467.476,692.051
470.009,842.415
472.542,846.118
475.075,866.217
477.61,825.365
480.145,668.773
482.68,831.168
485.216,961.711
487.753,790.513
490.29,724.069
492.828,854.612
495.367,881.908
497.906,739.791
500.445,651.544
502.986,751.643
505.527,692.693
508.068,836.612
510.61,735.841
513.152,796.612
515.696,790.81
518.239,791.186
520.784,761.661
523.329,746.612
525.874,838.581
528.42,710.137
530.967,720.76
533.514,762.612
536.062,689.087
538.61,678.038
541.159,841.828
543.709,705.254
546.259,642.334
548.81,691.384
551.361,752.155
553.913,690.859
556.466,634.81
559.019,730.532
561.573,746.106
564.127,708.532
566.682,726.859
569.237,667.106
571.793,765.155
574.35,760.581
576.907,882.828
579.465,537.513
582.023,618.384
584.582,720.007
587.142,554.661
589.702,599.859
592.263,642.711
594.824,725.68
597.386,566.661
599.949,643.433
602.512,698.303
605.075,626.007
607.64,657.056
610.205,633.007
612.77,587.908
615.336,635.106
617.903,656.056
620.47,717.976
623.038,655.63
625.606,547.205
628.175,665.124
630.744,691.402
633.315,514.056
635.885,682.55
638.457,712.075
641.028,644.501
643.601,740.42
646.174,769.47
648.748,615.649
651.322,651.223
653.897,670.55
656.472,725.044
659.048,599.124
661.625,768.371
664.202,584.927
666.779,694.42
669.358,616.599
671.937,750.945
674.516,686.42
677.096,582.272
679.677,652.371
682.258,698.568
684.84,602.649
687.422,649.322
690.005,642.322
692.589,660.568
695.173,595.272
697.758,671.42
700.343,690.945
702.929,772.815
705.516,650.945
708.103,747.291
710.691,646.896
713.279,751.192
715.868,744.291
718.457,740.963
721.047,626.42
723.638,717.291
726.229,743.618
728.821,612.846
731.413,730.241
734.006,793.537
736.6,651.42
739.194,663.519
741.789,647.142
744.384,598.717
746.98,605.896
749.577,725.291
752.174,671.667
754.771,657.568
757.37,648.618
759.969,637.717
762.568,718.439
765.168,667.766
767.769,691.963
770.37,676.192
772.971,613.667
775.574,693.241
778.177,642.241
780.78,672.717
783.384,642.192
785.989,578.994
788.594,707.389
791.2,570.568
793.807,704.766
796.414,684.34
799.021,705.914
801.63,668.389
804.239,672.963
806.848,715.963
809.458,736.111
812.068,724.389
814.68,671.062
817.291,718.963
819.904,608.717
822.517,581.044
825.13,682.488
827.744,617.291
830.359,622.766
832.974,698.389
835.59,624.914
838.206,647.488
840.823,586.142
843.441,665.865
846.059,536.618
848.678,678.013
851.297,690.439
853.917,688.963
856.538,647.34
859.159,705.389
861.781,609.519
864.403,699.013
867.026,711.062
869.649,620.766
872.273,670.062
874.898,641.537
877.523,660.389
880.149,625.766
882.775,723.488
885.402,626.161
888.03,825.735
890.658,705.914
893.287,559.568
895.916,664.963
898.546,797.587
901.177,697.062
903.808,650.488
906.439,659.815
909.072,603.618
911.704,641.013
914.338,657.865
916.972,665.439
919.606,762.161
922.242,633.717
924.877,716.587
927.514,726.537
930.151,674.34
932.788,767.161
935.426,738.389
938.065,673.685
940.704,627.766
943.344,658.389
945.985,681.963
948.626,755.389
951.267,709.013
953.91,670.013
956.552,724.537
959.196,721.685
961.84,780.587
964.484,722.062
967.129,763.21
969.775,659.587
972.422,762.062
975.068,762.784
977.716,728.587
980.364,756.685
983.013,698.488
985.662,724.636
988.312,733.013
990.962,711.161
993.613,781.784
996.265,721.439
998.917,711.062
1001.57,658.618
1004.22,813.26
1006.88,723.488
1009.53,702.587
1012.19,784.587
1014.84,860.932
1017.5,815.735
1020.16,711.013
1022.81,695.963
1025.47,718.537
1028.13,699.439
1030.79,781.26
1033.45,846.834
1036.11,787.735
1038.77,836.358
1041.43,807.784
1044.09,783.735
1046.76,834.309
1049.42,843.408
1052.08,719.963
1054.75,765.735
1057.41,826.26
1060.08,753.735
1062.75,867.26
1065.41,730.537
1068.08,687.963
1070.75,827.685
1073.42,818.636
1076.09,816.636
1078.76,867.26
1081.43,835.735
1084.1,779.111
1086.77,707.865
1089.44,846.309
1092.11,840.21
1094.79,874.636
1097.46,849.685
1100.13,767.062
1102.81,780.537
1105.49,832.685
1108.16,870.062
1110.84,844.932
1113.52,762.241
1116.19,881.784
1118.87,892.21
1121.55,837.636
1124.23,815.111
1126.91,807.062
1129.59,924.784
1132.27,803.013
1134.96,931.932
1137.64,937.834
1140.32,898.161
1143.01,967.834
1145.69,902.21
1148.37,913.506
1151.06,868.636
1153.75,983.031
1156.43,953.834
1159.12,871.914
1161.81,839.587
1164.5,914.358
1167.19,785.963
1169.88,888.309
1172.57,843.636
1175.26,826.914
1177.95,934.408
1180.64,782.111
1183.33,869.408
1186.03,846.358
1188.72,903.883
1191.41,828.685
1194.11,716.537
1196.81,892.08
1199.5,836.982
1202.2,739.21
1204.9,768.982
1207.59,718.26
1210.29,677.587
1212.99,618.161
1215.69,756.556
1218.39,603.309
1221.09,666.883
1223.79,620.784
1226.5,590.506
1229.2,546.834
1231.9,603.08
1234.6,537.408
1237.31,507.605
1240.01,498.031
1242.72,496.457
1245.43,506.179
1248.13,445.228
1250.84,440.654
1253.55,404.605
1256.26,433.704
1258.97,404.13
1261.67,358.556
1264.38,315.08
1267.1,311.704
1269.81,260.556
1272.52,275.556
1275.23,246.08
1277.94,273.654
1280.66,231.605
1283.37,195.506
1286.09,219.605
1288.8,208.13
1291.52,167.556
1294.24,207.031
1296.95,145.457
1299.67,234.179
1302.39,167.08
1305.11,189.704
1307.83,48.3089
1310.55,193.228
1313.27,185.179
1315.99,199.852
1318.71,190.179
1321.43,146.228
1324.16,63.031
1326.88,150.179
1329.61,169.228
1332.33,141.13
1335.06,128.13
1337.78,164.704
1340.51,132.704
1343.24,144.278
1345.96,132.704
1348.69,63.9817
1351.42,131.753
1354.15,139.704
1356.88,202.228
1359.61,161.753
1362.34,192.278
1365.07,191.278
1367.81,155.179
1370.54,189.654
1373.27,186.179
1376.01,182.228
1378.74,182.704
1381.48,174.556
1384.21,216.704
1386.95,230.179
1389.69,244.179
1392.43,288.654
1395.16,228.654
1397.9,288.13
1400.64,258.457
1403.38,294.506
1406.12,327.13
1408.87,321.408
1411.61,417.605
1414.35,456.08
1417.09,499.605
1419.84,503.031
1422.58,400.685
1425.33,488.982
1428.07,680.179
1430.82,628.932
1433.56,638.932
1436.31,675.982
1439.06,786.654
1441.81,768.932
1444.56,793.556
1447.3,724.26
1450.05,743.26
1452.81,735.685
1455.56,895.982
1458.31,723.784
1461.06,752.784
1463.81,804.932
1466.57,771.26
1469.32,734.883
1472.08,766.457
1474.83,719.457
1477.59,675.834
1480.34,608.834
1483.1,673.605
1485.86,654.08
1488.62,590.605
1491.38,591.08
1494.14,515.605
1496.9,492.179
1499.66,458.13
1502.42,440.704
1505.18,389.556
1507.94,313.605
1510.7,344.803
1513.47,282.556
1516.23,300.179
1519,190.932
1521.76,279.852
1524.53,224.803
1527.29,198.753
1530.06,145.08
1532.83,173.278
1535.6,148.803
1538.37,135.803
1541.14,141.753
1543.91,117.753
1546.68,79.7532
1549.45,96.2285
1552.22,87.7532
1554.99,44.1298
1557.77,73.8025
1560.54,88.3272
1563.31,53.7038
1566.09,55.2779
1568.86,74.2779
1571.64,65.3766
1574.41,66.4259
1577.19,72.8519
1579.97,39.8025
1582.75,83.3272
1585.53,71.9013
1588.31,45.8025
1591.09,40.3272
1593.87,39.2285
1596.65,60.3272
1599.43,42.8025
1602.21,64.9013
1604.99,34.3272
1607.78,41.8519
1610.56,24.3272
1613.35,45.8519
1616.13,54.3766
1618.92,25.3272
1621.7,15.3272
1624.49,47.3272
1627.28,21.7532
1630.07,25.3272
1632.86,0
1635.65,1.27786
1638.44,31.426
1641.23,15.8025
1644.02,13.8025
1646.81,20.3272
1649.6,22.9013
1652.39,22.3766
1655.19,15.8519
1657.98,11.8519
1660.78,15.8025
1663.57,15.3766
1666.37,21.8519
1669.16,15.3766
1671.96,16.3766
1674.76,25.9013
1677.56,0
1680.35,21.426
1683.15,17.9013
1685.95,14.9013
1688.75,16.3766
1691.56,0.327221
1694.36,8.90127
1697.16,20.426
1699.96,22.9013
1702.77,0
1705.57,0
1708.37,0
1711.18,24.9013
1713.98,0
1716.79,3.37659
1719.6,5.37659
1722.41,0
1725.21,4.37659
1728.02,0
1730.83,0
1733.64,2.90127
1736.45,1.90127
1739.26,8.37659
1742.07,7.42595
1744.89,0
1747.7,26.4753
1750.51,0
1753.33,1.37659
1756.14,10.9013
1758.96,2.90127
1761.77,1.90127
1764.59,0
1767.41,28
1770.22,0
1773.04,11.9013
1775.86,27.426
1778.68,0
1781.5,10.9506
1784.32,0
1787.14,0
1789.96,3.90127
1792.78,0
1795.61,16.9506
1798.43,0.90127
1801.25,11.426
1804.08,2.90127
1806.9,4.90127
1809.73,15.4753
1812.56,0
1815.38,2.37659
1818.21,0
1821.04,0
1823.87,0
1826.7,5.90127
1829.53,0
1832.36,0
1835.19,14.426
1838.02,0
1840.85,0
1843.68,22.4753
1846.52,1.95063
1849.35,6.42595
1852.19,0
1855.02,8.90127
1857.86,9.95063
1860.69,0
1863.53,4.42595
1866.37,9.95063
1869.2,0
1872.04,0
1874.88,0
1877.72,6.95063
1880.56,4.42595
1883.4,17.4753
1886.24,0
1889.09,17.9506
1891.93,0
1894.77,0
1897.62,13
1900.46,0
1903.31,17.4753
1906.15,11.4753
1909,0
1911.85,6.95063
1914.69,0.425953
1917.54,0
1920.39,18.4753
1923.24,12.9506
1926.09,0
1928.94,4.90127
1931.79,0
1934.64,0
1937.49,0
1940.35,0
1943.2,8.95063
1946.05,0
1948.91,9.47532
1951.76,0
1954.62,0
1957.47,10.9506
1960.33,10.9506
1963.19,0.90127
1966.05,16.4753
1968.9,19.4753
1971.76,0.90127
1974.62,20
1977.48,0
1980.34,22
1983.21,0
1986.07,0
1988.93,0
1991.79,3.42595
1994.66,9.47532
1997.52,4.42595
2000.39,0
2003.25,4.95063
2006.12,9.47532
2008.98,10.9506
2011.85,0
2014.72,0
2017.59,0
2020.46,6.95063
2023.33,0
2026.2,7.42595
2029.07,12.4753
2031.94,0
2034.81,5.42595
2037.68,4.95063
2040.56,17.4753
2043.43,12.4753
2046.31,13.4753
2049.18,0
2052.06,0
2054.93,0
2057.81,16.9506
2060.69,6.42595
2063.56,0
2066.44,9.47532
2069.32,5.42595
2072.2,0
2075.08,0
2077.96,0
2080.84,0
2083.73,0
2086.61,17.4753
2089.49,1.90127
2092.38,4.42595
2095.26,18.4753
2098.14,17.426
2101.03,17.4753
2103.92,19
2106.8,0
2109.69,5.95063
2112.58,16.9506
2115.47,8.95063
2118.35,0
2121.24,17.4753
2124.13,0
2127.03,0
2129.92,7.42595
2132.81,1.95063
2135.7,0
2138.59,12.9506
2141.49,17.4753
2144.38,0
2147.28,0
2150.17,0
2153.07,0
2155.97,2.95063
2158.86,8.95063
2161.76,0
2164.66,0
2167.56,0
2170.46,4.42595
2173.36,7.95063
2176.26,0
2179.16,0
2182.06,17.4753
2184.96,0
2187.87,18
2190.77,16.9506
2193.67,6.95063
2196.58,0
2199.48,0
2202.39,0
2205.3,4.90127
2208.2,0
2211.11,10.9506
2214.02,1.95063
2216.93,0
2219.84,4.42595
2222.75,0
2225.66,3.90127
2228.57,3.42595
2231.48,0
2234.4,6.42595
2237.31,0
2240.22,6.95063
2243.14,0
2246.05,3.95063
2248.97,0
2251.88,21
2254.8,10.4753
2257.72,0
2260.63,0
2263.55,0
2266.47,0
2269.39,0
2272.31,0
2275.23,0
2278.15,0
2281.07,8.47532
2284,0
2286.92,12.4753
2289.84,8.95063
2292.77,9.47532
2295.69,10.9506
2298.62,16
2301.54,0
2304.47,0
2307.4,15.4753
2310.32,2.42595
2313.25,17
2316.18,0.425953
2319.11,18.4753
2322.04,0
2324.97,6.47532
2327.9,2.95063
2330.84,3.95063
2333.77,0
2336.7,1.95063
2339.63,0
2342.57,0
2345.5,16
2348.44,0
2351.37,0
2354.31,0
2357.25,3.47532
2360.19,0
2363.12,2.95063
2366.06,0
2369,0
2371.94,0
2374.88,0
2377.82,0
2380.77,0
2383.71,9.47532
2386.65,15
2389.59,0
2392.54,0
2395.48,0
2398.43,0
2401.37,0
2404.32,0
2407.27,7.47532
2410.22,12.4753
2413.16,0
2416.11,0
2419.06,14
2422.01,0
2424.96,7
2427.91,0
2430.86,0
2433.82,0
2436.77,1.47532
2439.72,6.47532
2442.68,13
2445.63,2.47532
2448.59,0
2451.54,3.47532
2454.5,0
2457.46,12.4753
2460.41,0
2463.37,0
2466.33,0
2469.29,0
2472.25,16
2475.21,0
2478.17,0
2481.13,0
2484.1,0
2487.06,0
2490.02,11
2492.99,4.47532
2495.95,0
2498.92,2.47532
2501.88,8.47532
2504.85,3.47532
2507.82,4.47532
2510.78,8
2513.75,0
2516.72,12.4753
2519.69,17
2522.66,0
2525.63,11
2528.6,0.950635
2531.57,0
2534.54,0
2537.52,0
2540.49,0
2543.46,0
2546.44,7.47532
2549.41,7.47532
2552.39,0
2555.37,6.47532
2558.34,0
2561.32,0
2564.3,4.47532
2567.28,0
2570.26,0
2573.24,0.950635
2576.22,0
2579.2,0
2582.18,7
2585.16,0
2588.14,0
2591.13,0
2594.11,0
2597.1,12.4753
2600.08,0
2603.07,0
2606.05,1.47532
2609.04,0
2612.03,0
2615.02,0
2618,0
2620.99,0
2623.98,2.47532
2626.97,0
2629.97,9.47532
2632.96,1.47532
2635.95,19
2638.94,8.47532
2641.94,6.47532
2644.93,0
2647.92,0.950635
2650.92,0
2653.91,5.47532
2656.91,0.950635
2659.91,0
2662.91,9.47532
2665.9,5.47532
2668.9,1.95063
2671.9,0
2674.9,0
2677.9,10
2680.9,2.47532
2683.9,0
2686.91,0
2689.91,4.47532
2692.91,2.47532
2695.92,8
2698.92,0
2701.93,0
2704.93,0
2707.94,10
2710.94,0
2713.95,0
2716.96,0
2719.97,4.47532
2722.98,0
2725.99,1.47532
2729,0
2732.01,1.47532
2735.02,7
2738.03,0
2741.04,0
2744.06,0.475317
2747.07,0
2750.09,0
2753.1,4.47532
2756.12,6.47532
2759.13,0
2762.15,8.47532
2765.17,3.47532
2768.18,2.47532
2771.2,8
2774.22,0
2777.24,12
2780.26,0
2783.28,0

